{
    "PlanSummaryLabel": "Plan Summary",
    "PlanSummaryIcon": "fas fa-list fa-fw",
    
    "EmployeeAccountLabel": "Employee Accounts",
    "EmployeeAccountIcon": "fas fa-chart-pie fa-fw",

    "FinancialReportLabel": "Financial Reports",
    "FinancialReportIcon": "fas fa-chart-bar fa-fw",

    "AuthorizeLoanLabel": "Authorize Loan",
    "AuthorizeLoanIcon": "/assets/mock/cms_mock/images/FinancialDoc.svg",
    
    "FinancialDistrubtionLabel": "Authorize Distributions",
    "FinancialDistrubtionIcon": "/assets/mock/cms_mock/images/MoneyBag.svg",

    "ParticipantReportLabel": "Participant Reports",
    "ParticipantReportIcon": "/assets/mock/cms_mock/images/Dashboard.svg",

    "GetFormLabel": "Get Forms",
    "GetFormIcon": "/assets/mock/cms_mock/images/CompleteForm.svg",

    "ViawAllContactLabel": "View All Contacts",
    "ViawAllContactIcon": "/assets/mock/cms_mock/images/ContactBook.svg"
}