[
{
    "ID": 1,
    "BannerUrl": "/assets/mock/cms_mock/images/Mobile-mature-couple-driving.jpg",
    "LargeBannerUrl": "/assets/mock/cms_mock/images/Desktop-mature-couple-driving.jpg",
    "Title": "2018 Contribution Limits",
    "Body": "Baby if you're ever wondered - wondered whatever became of me.  I'm living on the air in Cincinnati.",
    "LinkText": "View Limits",
    "LinkUrl": "https://www.standard.com",
    "TagNames": "promo"
},
{
    "ID": 5,
    "BannerUrl": "/assets/mock/cms_mock/images/Mobile-porch-swing.jpg",
    "LargeBannerUrl": "/assets/mock/cms_mock/images/Desktop-porch-swing.jpg",
    "Title": "Another Promo That Has a Very, Very Long Headline That Wraps",
    "Body": "And you know where you were then.  Girls were girls and men were men.  Mister we could use a man like Herbert Hoover.",
    "LinkText": "Read More",
    "LinkUrl": "http://www.bbc.com/news",
    "TagNames": "promo,featured"
},
{
    "ID": 3,
    "BannerUrl": "/assets/mock/cms_mock/images/Mobile-retired-couple.jpg",
    "LargeBannerUrl": "/assets/mock/cms_mock/images/Desktop-retired-couple.jpg",
    "Title": "Paperless",
    "Body": "Sunday Monday Happy Days.  Tuesday Wednesday Happy Days.  Thursday Friday Happy Days.  Saturday what a day.  Groovin' all week with you.",
    "LinkText": "Enroll",
    "LinkUrl": "",
    "TagNames": "promo,featured,paperless"
}
]