{
  "assetsBalance": {
    "planId": "807759",
    "preMixPortfolio": "Y",
    "startDate": "2018-03-31",
    "endDate": "2018-03-31",
    "funds": [{
      "fundName": "Guaranteed Interest Fund 1",
      "investmentFundId": "PC",
      "ticker": "GIFDLY1",
      "tickerLink": "http://www.standard.com/rpdex/GIFDLY.pdf",
      "inPortfolio": "Y",
      "balanceDetails": {
        "startingValue": 217656.45,
        "startingUnit": 17.9,
        "endingValue": 217656.45,
        "endingUnit": 17.9,
        "startingBalance": 217656.45,
        "startingPercent": 17.9,
        "endingBalance": 217656.45,
        "endingPercent": 17.9,
        "change": 2176.09
      }
    },
    {
      "fundName": "Guaranteed Interest Fund 2",
      "investmentFundId": "DD",
      "ticker": "GIFDLY2",
      "tickerLink": "http://www.standard.com/rpdex/GIFDLY.pdf",
      "inPortfolio": "N",
      "balanceDetails": {
        "startingValue": 217656.45,
        "startingUnit": 27.9,
        "endingValue": 656.45,
        "endingUnit": 37.9,
        "startingBalance": 317656.45,
        "startingPercent": 27.9,
        "endingBalance": 317656.45,
        "endingPercent": 27.9,
        "change": -3176.09
      }
    }],
    "totalStartingBalance": 656.45,
    "totalStartingPercent": 37.9,
    "totalEndingBalance": 23,
    "totalEndingPercent": 7.9,
    "totalChange": -156.45
  }
}
