{"performanceUnitorShare":{"planId":"807759","preMixPortfolio":"N","startDate":"2017-01-01","endDate":"2017-03-09","funds":[{"fundName":"Galliard Ret Income 35","ticker":"GRETI","tickerLink":"http://www.standard.com/rpdex/GRETI.pdf","investmentFundId":"1I","inPortfolio":"Y","unitorShareValues":{"beginValue":31.813296,"endValue":31.898516,"percentChange":0.27}},{"fundName":"Vanguard Infl-Prot Sec Adm  ","ticker":"VIPCA","tickerLink":"https://profile.morningstar.com/Profile/HTMLPage.asp?ClientCode=002&ID=VIPCA","investmentFundId":"1W","inPortfolio":"N","unitorShareValues":{"beginValue":41.809035,"endValue":41.726993,"percentChange":-0.2}},{"fundName":"Holding Account","ticker":"HOLDA","tickerLink":"http://www.standard.com/rpdex/HOLDA.pdf","investmentFundId":"BE","inPortfolio":"N","unitorShareValues":{"beginValue":100.008209,"endValue":100.008209,"percentChange":0}},{"fundName":"Dodge & Cox Income","ticker":"DOCOI","tickerLink":"https://profile.morningstar.com/Profile/HTMLPage.asp?ClientCode=002&ID=DOCOI","investmentFundId":"2A","inPortfolio":"N","unitorShareValues":{"beginValue":100.517374,"endValue":100.739267,"percentChange":0.22}},{"fundName":"Metropolitan W Total R Bond I","ticker":"MWTRB","tickerLink":"https://profile.morningstar.com/Profile/HTMLPage.asp?ClientCode=002&ID=MWTRB","investmentFundId":"29","inPortfolio":"Y","unitorShareValues":{"beginValue":47.309976,"endValue":47.223489,"percentChange":-0.18}},{"fundName":"Vanguard Wellington Adm","ticker":"VANW2","tickerLink":"https://profile.morningstar.com/Profile/HTMLPage.asp?ClientCode=002&ID=VANW2","investmentFundId":"1V","inPortfolio":"N","unitorShareValues":{"beginValue":114.219712,"endValue":118.029859,"percentChange":3.34}},{"fundName":"Vanguard Equity Income Adm","ticker":"VERDC","tickerLink":"https://profile.morningstar.com/Profile/HTMLPage.asp?ClientCode=002&ID=VERDC","investmentFundId":"2E","inPortfolio":"Y","unitorShareValues":{"beginValue":61.456481,"endValue":64.225028,"percentChange":4.5}},{"fundName":"MFS Value R6","ticker":"MEIDC","tickerLink":"https://profile.morningstar.com/Profile/HTMLPage.asp?ClientCode=002&ID=MEIDC","investmentFundId":"2C","inPortfolio":"N","unitorShareValues":{"beginValue":22.005359,"endValue":23.244496,"percentChange":5.63}},{"fundName":"Vanguard 500 Index Admiral ","ticker":"VFDDC","tickerLink":"https://profile.morningstar.com/Profile/HTMLPage.asp?ClientCode=002&ID=VFDDC","investmentFundId":"23","inPortfolio":"Y","unitorShareValues":{"beginValue":33.632633,"endValue":35.671077,"percentChange":6.06}},{"fundName":"JPMorgan US Equity L","ticker":"JPMEI","tickerLink":"https://profile.morningstar.com/Profile/HTMLPage.asp?ClientCode=002&ID=JPMEI","investmentFundId":"14","inPortfolio":"N","unitorShareValues":{"beginValue":59.676898,"endValue":63.723479,"percentChange":6.78}},{"fundName":"MFS Growth R6","ticker":"MFEKX","tickerLink":"https://profile.morningstar.com/Profile/HTMLPage.asp?ClientCode=002&ID=MFEKX","investmentFundId":"2G","inPortfolio":"Y","unitorShareValues":{"beginValue":null,"endValue":null,"percentChange":null}},{"fundName":"Harbor Capital Appreciation I","ticker":"HARCA","tickerLink":"https://profile.morningstar.com/Profile/HTMLPage.asp?ClientCode=002&ID=HARCA","investmentFundId":"15","inPortfolio":"N","unitorShareValues":{"beginValue":59.859389,"endValue":65.237753,"percentChange":8.98}},{"fundName":"Prudential QMA Mid Cap Val Z","ticker":"SPVDC","tickerLink":"https://profile.morningstar.com/Profile/HTMLPage.asp?ClientCode=002&ID=SPVDC","investmentFundId":"2D","inPortfolio":"Y","unitorShareValues":{"beginValue":23.478547,"endValue":23.994684,"percentChange":2.2}},{"fundName":"Vanguard MdCp Val Idx Adm","ticker":"VMVDC","tickerLink":"https://profile.morningstar.com/Profile/HTMLPage.asp?ClientCode=002&ID=VMVDC","investmentFundId":"27","inPortfolio":"N","unitorShareValues":{"beginValue":49.233446,"endValue":51.454873,"percentChange":4.51}},{"fundName":"AMG Mgrs Fairpointe MidCap I","ticker":"ABAMC","tickerLink":"https://profile.morningstar.com/Profile/HTMLPage.asp?ClientCode=002&ID=ABAMC","investmentFundId":"19","inPortfolio":"N","unitorShareValues":{"beginValue":171.121682,"endValue":179.616208,"percentChange":4.96}},{"fundName":"Wells Fargo Discovery Instl","ticker":"WFDDC","tickerLink":"https://profile.morningstar.com/Profile/HTMLPage.asp?ClientCode=002&ID=WFDDC","investmentFundId":"22","inPortfolio":"N","unitorShareValues":{"beginValue":29.784825,"endValue":32.490833,"percentChange":9.09}},{"fundName":"Hartford Midcap Y","ticker":"HMDDC","tickerLink":"https://profile.morningstar.com/Profile/HTMLPage.asp?ClientCode=002&ID=HMDDC","investmentFundId":"2H","inPortfolio":"N","unitorShareValues":{"beginValue":null,"endValue":null,"percentChange":null}},{"fundName":"Janus Enterprise I","ticker":"JSETE","tickerLink":"https://profile.morningstar.com/Profile/HTMLPage.asp?ClientCode=002&ID=JSETE","investmentFundId":"2F","inPortfolio":"Y","unitorShareValues":{"beginValue":null,"endValue":null,"percentChange":null}},{"fundName":"DFA US Targeted Value I","ticker":"DUTVI","tickerLink":"https://profile.morningstar.com/Profile/HTMLPage.asp?ClientCode=002&ID=DUTVI","investmentFundId":"21","inPortfolio":"N","unitorShareValues":{"beginValue":70.966386,"endValue":70.316133,"percentChange":-0.92}},{"fundName":"Vanguard Sm Cap Val Idx Adm","ticker":"VSIDC","tickerLink":"https://profile.morningstar.com/Profile/HTMLPage.asp?ClientCode=002&ID=VSIDC","investmentFundId":"25","inPortfolio":"N","unitorShareValues":{"beginValue":56.422251,"endValue":56.747953,"percentChange":0.58}},{"fundName":"DFA US Small Cap I","ticker":"DFSDC","tickerLink":"https://profile.morningstar.com/Profile/HTMLPage.asp?ClientCode=002&ID=DFSDC","investmentFundId":"1Z","inPortfolio":"Y","unitorShareValues":{"beginValue":53.634753,"endValue":53.238513,"percentChange":-0.74}},{"fundName":"Vanguard Sm Cap Idx Adm","ticker":"VSMDC","tickerLink":"https://profile.morningstar.com/Profile/HTMLPage.asp?ClientCode=002&ID=VSMDC","investmentFundId":"24","inPortfolio":"N","unitorShareValues":{"beginValue":45.192002,"endValue":46.150422,"percentChange":2.12}},{"fundName":"T.Rowe Price New Horizons","ticker":"TRNWH","tickerLink":"https://profile.morningstar.com/Profile/HTMLPage.asp?ClientCode=002&ID=TRNWH","investmentFundId":"20","inPortfolio":"N","unitorShareValues":{"beginValue":51.199427,"endValue":55.46703,"percentChange":8.34}},{"fundName":"Hartford Small Cap Growth Y","ticker":"HSLDC","tickerLink":"https://profile.morningstar.com/Profile/HTMLPage.asp?ClientCode=002&ID=HSLDC","investmentFundId":"28","inPortfolio":"N","unitorShareValues":{"beginValue":43.398999,"endValue":44.836054,"percentChange":3.31}},{"fundName":"American Century Glob Grth Inv","ticker":"ACGGI","tickerLink":"https://profile.morningstar.com/Profile/HTMLPage.asp?ClientCode=002&ID=ACGGI","investmentFundId":"1S","inPortfolio":"N","unitorShareValues":{"beginValue":54.721513,"endValue":58.460566,"percentChange":6.83}},{"fundName":"Dodge & Cox Intl Stock","ticker":"DCINS","tickerLink":"https://profile.morningstar.com/Profile/HTMLPage.asp?ClientCode=002&ID=DCINS","investmentFundId":"1P","inPortfolio":"N","unitorShareValues":{"beginValue":42.138579,"endValue":44.925699,"percentChange":6.61}},{"fundName":"Harbor International Instl","ticker":"HARIN","tickerLink":"https://profile.morningstar.com/Profile/HTMLPage.asp?ClientCode=002&ID=HARIN","investmentFundId":"1Q","inPortfolio":"Y","unitorShareValues":{"beginValue":147.594606,"endValue":154.644578,"percentChange":4.78}},{"fundName":"MFS International Value R6","ticker":"MINDC","tickerLink":"https://profile.morningstar.com/Profile/HTMLPage.asp?ClientCode=002&ID=MINDC","investmentFundId":"2B","inPortfolio":"N","unitorShareValues":{"beginValue":19.094784,"endValue":19.973145,"percentChange":4.6}},{"fundName":"Lazard Emg Mkts Eq Inst","ticker":"LZEM","tickerLink":"https://profile.morningstar.com/Profile/HTMLPage.asp?ClientCode=002&ID=LZEM","investmentFundId":"1T","inPortfolio":"N","unitorShareValues":{"beginValue":24.601409,"endValue":26.25075,"percentChange":6.7}},{"fundName":"Prudential High Yield Z","ticker":"PHYDC","tickerLink":"https://profile.morningstar.com/Profile/HTMLPage.asp?ClientCode=002&ID=PHYDC","investmentFundId":"26","inPortfolio":"N","unitorShareValues":{"beginValue":32.642196,"endValue":33.402669,"percentChange":2.33}}]}}
