{
"performanceROR": {
"planId": "807759",
"preMixPortfolio":"N",
"perfAsOfDate": "2018-03-31",
"funds": [
{
"fundName": "Guaranteed Interest Fund ",
"ticker": "GIFDLY",
"tickerLink": "http://www.standard.com/rpdex/GIFDLY.pdf",
"investmentFundId": "DD",
"inPortfolio": "Y",
"redemptionFeeFlg": "Y",
"rateOfReturn": {
"lastMonth": null,
"lastQuarter": null,
"yearToDate": null,
"yearOne": null,
"yearThree": 3.03,
"yearFive": 3.03,
"yearTen": 3.04,
"collectiveFundType": "CORE"
}
}
]
}
}
