{
  "assetsBalance": {
    "planId": "803333",
    "preMixPortfolio": "Y",
    "startDate": "2018-03-31",
    "endDate": "2018-03-31",
    "funds": [{
      "fundName": "Guaranteed Interest Fund ",
      "investmentFundId": "DD",
      "ticker": "GIFDLY",
      "tickerLink": "http://www.standard.com/rpdex/GIFDLY.pdf",
      "inPortfolio": "Y",
      "balanceDetails": {
        "startingValue": 217656.45,
        "startingUnit": 17.9,
        "endingValue": 217656.45,
        "endingUnit": 17.9,
        "startingBalance": 217656.45,
        "startingPercent": 17.9,
        "endingBalance": 217656.45,
        "endingPercent": 17.9,
        "change": 2176.09
      }
    }],
    "totalStartingBalance": 217656.45,
    "totalStartingPercent": 17.9,
    "totalEndingBalance": 217656.45,
    "totalEndingPercent": 17.9,
    "totalChange": 2176.09
  }
}
