{
    "data": {
        "planId": "803333",
        "planType": "Profit Sharing",
        "legalPlanName": "Walker Tool &amp; Die, Inc. Profit Sharing Plan",
        "contractEffectiveDate": "1986-01-01",
        "planBalance": "20596151.34",
        "balanceAsOfDate": "2018-03-30",
        "planPendingMessages": [
            {
                "messageId": "243202",
                "text": "Merger Amendment"
            },
            {
                "messageId": "251881",
                "text": "Clarify provisions in the Third Amendment."
            }
        ]
    },
    "status": {
        "code": "200",
        "message": null
    }
}
