{  
   "performanceUnitorShare":{  
      "planId":"803333",
      "preMixPortfolio":"Y",
      "startDate":"2017-01-01",
      "endDate":"2017-03-09",
      "funds":[  
         {  
            "fundName":"Vanguard Federal Mny Mkt Inv",
            "ticker":"VMFXX",
            "tickerLink":"https://profile.morningstar.com/Profile/HTMLPage.asp?ClientCode=SI2&ID=VMFXX",
            "investmentFundId":"PC",
            "inPortfolio":"Y",
            "unitorShareValues":{  
               "beginValue":1,
               "endValue":1,
               "percentChange":0
            }
         },
         {  
            "fundName":"PIMCO Real Return Instl",
            "ticker":"PRRIX",
            "tickerLink":"https://profile.morningstar.com/Profile/HTMLPage.asp?ClientCode=SI2&ID=PRRIX",
            "investmentFundId":"1D",
            "inPortfolio":"N",
            "unitorShareValues":{  
               "beginValue":10.92,
               "endValue":10.91,
               "percentChange":-0.09
            }
         },
         {  
            "fundName":"Vanguard S-T Bond Index Adm",
            "ticker":"VBIRX",
            "tickerLink":"https://profile.morningstar.com/Profile/HTMLPage.asp?ClientCode=SI2&ID=VBIRX",
            "investmentFundId":"2F",
            "inPortfolio":"N",
            "unitorShareValues":{  
               "beginValue":10.43,
               "endValue":10.39,
               "percentChange":-0.38
            }
         },
         {  
            "fundName":"Metropolitan West TotRe Bd I",
            "ticker":"MWTIX",
            "tickerLink":"https://profile.morningstar.com/Profile/HTMLPage.asp?ClientCode=SI2&ID=MWTIX",
            "investmentFundId":"2E",
            "inPortfolio":"Y",
            "unitorShareValues":{  
               "beginValue":10.53,
               "endValue":10.46,
               "percentChange":-0.66
            }
         },
         {  
            "fundName":"PIMCO Diversified Income I",
            "ticker":"PDIIX",
            "tickerLink":"https://profile.morningstar.com/Profile/HTMLPage.asp?ClientCode=SI2&ID=PDIIX",
            "investmentFundId":"1A",
            "inPortfolio":"N",
            "unitorShareValues":{  
               "beginValue":10.56,
               "endValue":10.63,
               "percentChange":0.66
            }
         },
         {  
            "fundName":"Principal Divrs Real Asset I",
            "ticker":"PDRDX",
            "tickerLink":"https://profile.morningstar.com/Profile/HTMLPage.asp?ClientCode=SI2&ID=PDRDX",
            "investmentFundId":"2D",
            "inPortfolio":"N",
            "unitorShareValues":{  
               "beginValue":10.8,
               "endValue":10.98,
               "percentChange":1.67
            }
         },
         {  
            "fundName":"T.Rowe Price Retire 2005",
            "ticker":"TRRFX",
            "tickerLink":"https://profile.morningstar.com/Profile/HTMLPage.asp?ClientCode=SI2&ID=TRRFX",
            "investmentFundId":"1V",
            "inPortfolio":"N",
            "unitorShareValues":{  
               "beginValue":12.86,
               "endValue":13.16,
               "percentChange":2.33
            }
         },
         {  
            "fundName":"T.Rowe Price Retire 2010",
            "ticker":"TRRAX",
            "tickerLink":"https://profile.morningstar.com/Profile/HTMLPage.asp?ClientCode=SI2&ID=TRRAX",
            "investmentFundId":"1W",
            "inPortfolio":"N",
            "unitorShareValues":{  
               "beginValue":17.35,
               "endValue":17.8,
               "percentChange":2.59
            }
         },
         {  
            "fundName":"T.Rowe Price Retire 2015",
            "ticker":"TRRGX",
            "tickerLink":"https://profile.morningstar.com/Profile/HTMLPage.asp?ClientCode=SI2&ID=TRRGX",
            "investmentFundId":"1X",
            "inPortfolio":"N",
            "unitorShareValues":{  
               "beginValue":14.18,
               "endValue":14.61,
               "percentChange":3.03
            }
         },
         {  
            "fundName":"T.Rowe Price Retire 2020",
            "ticker":"TRRBX",
            "tickerLink":"https://profile.morningstar.com/Profile/HTMLPage.asp?ClientCode=SI2&ID=TRRBX",
            "investmentFundId":"1Y",
            "inPortfolio":"N",
            "unitorShareValues":{  
               "beginValue":20.41,
               "endValue":21.17,
               "percentChange":3.72
            }
         },
         {  
            "fundName":"T.Rowe Price Retire 2025",
            "ticker":"TRRHX",
            "tickerLink":"https://profile.morningstar.com/Profile/HTMLPage.asp?ClientCode=SI2&ID=TRRHX",
            "investmentFundId":"1T",
            "inPortfolio":"N",
            "unitorShareValues":{  
               "beginValue":15.5,
               "endValue":16.17,
               "percentChange":4.32
            }
         },
         {  
            "fundName":"T.Rowe Price Retire 2030",
            "ticker":"TRRCX",
            "tickerLink":"https://profile.morningstar.com/Profile/HTMLPage.asp?ClientCode=SI2&ID=TRRCX",
            "investmentFundId":"20",
            "inPortfolio":"N",
            "unitorShareValues":{  
               "beginValue":22.53,
               "endValue":23.61,
               "percentChange":4.79
            }
         },
         {  
            "fundName":"T.Rowe Price Retire 2035",
            "ticker":"TRRJX",
            "tickerLink":"https://profile.morningstar.com/Profile/HTMLPage.asp?ClientCode=SI2&ID=TRRJX",
            "investmentFundId":"21",
            "inPortfolio":"N",
            "unitorShareValues":{  
               "beginValue":16.29,
               "endValue":17.14,
               "percentChange":5.22
            }
         },
         {  
            "fundName":"T.Rowe Price Retire 2040",
            "ticker":"TRRDX",
            "tickerLink":"https://profile.morningstar.com/Profile/HTMLPage.asp?ClientCode=SI2&ID=TRRDX",
            "investmentFundId":"22",
            "inPortfolio":"N",
            "unitorShareValues":{  
               "beginValue":23.21,
               "endValue":24.5,
               "percentChange":5.56
            }
         },
         {  
            "fundName":"T.Rowe Price Retire 2045",
            "ticker":"TRRKX",
            "tickerLink":"https://profile.morningstar.com/Profile/HTMLPage.asp?ClientCode=SI2&ID=TRRKX",
            "investmentFundId":"23",
            "inPortfolio":"N",
            "unitorShareValues":{  
               "beginValue":15.62,
               "endValue":16.5,
               "percentChange":5.63
            }
         },
         {  
            "fundName":"T.Rowe Price Retire 2050",
            "ticker":"TRRMX",
            "tickerLink":"https://profile.morningstar.com/Profile/HTMLPage.asp?ClientCode=SI2&ID=TRRMX",
            "investmentFundId":"24",
            "inPortfolio":"N",
            "unitorShareValues":{  
               "beginValue":13.14,
               "endValue":13.87,
               "percentChange":5.56
            }
         },
         {  
            "fundName":"T.Rowe Price Retire 2055",
            "ticker":"TRRNX",
            "tickerLink":"https://profile.morningstar.com/Profile/HTMLPage.asp?ClientCode=SI2&ID=TRRNX",
            "investmentFundId":"25",
            "inPortfolio":"N",
            "unitorShareValues":{  
               "beginValue":13.17,
               "endValue":13.91,
               "percentChange":5.62
            }
         },
         {  
            "fundName":"T.Rowe Price Retire I 2060 I",
            "ticker":"TRPLX",
            "tickerLink":"https://profile.morningstar.com/Profile/HTMLPage.asp?ClientCode=SI2&ID=TRPLX",
            "investmentFundId":"2I",
            "inPortfolio":"N",
            "unitorShareValues":{  
               "beginValue":11.14,
               "endValue":11.77,
               "percentChange":5.66
            }
         },
         {  
            "fundName":"Vanguard Wellington Adm",
            "ticker":"VWENX",
            "tickerLink":"https://profile.morningstar.com/Profile/HTMLPage.asp?ClientCode=SI2&ID=VWENX",
            "investmentFundId":"2B",
            "inPortfolio":"N",
            "unitorShareValues":{  
               "beginValue":67.45,
               "endValue":69.7,
               "percentChange":3.34
            }
         },
         {  
            "fundName":"JHancock Disciplined Val R6",
            "ticker":"JDVWX",
            "tickerLink":"https://profile.morningstar.com/Profile/HTMLPage.asp?ClientCode=SI2&ID=JDVWX",
            "investmentFundId":"2G",
            "inPortfolio":"Y",
            "unitorShareValues":{  
               "beginValue":19.39,
               "endValue":20.3,
               "percentChange":4.69
            }
         },
         {  
            "fundName":"Vanguard 500 Index Adm",
            "ticker":"VFIAX",
            "tickerLink":"https://profile.morningstar.com/Profile/HTMLPage.asp?ClientCode=SI2&ID=VFIAX",
            "investmentFundId":"1K",
            "inPortfolio":"Y",
            "unitorShareValues":{  
               "beginValue":206.57,
               "endValue":219.09,
               "percentChange":6.06
            }
         },
         {  
            "fundName":"Nuveen Winslow Lg-Cap Gr I",
            "ticker":"NVLIX",
            "tickerLink":"https://profile.morningstar.com/Profile/HTMLPage.asp?ClientCode=SI2&ID=NVLIX",
            "investmentFundId":"29",
            "inPortfolio":"Y",
            "unitorShareValues":{  
               "beginValue":34.07,
               "endValue":37.59,
               "percentChange":10.33
            }
         },
         {  
            "fundName":"Dreyfus MidCap Index",
            "ticker":"PESPX",
            "tickerLink":"https://profile.morningstar.com/Profile/HTMLPage.asp?ClientCode=SI2&ID=PESPX",
            "investmentFundId":"1B",
            "inPortfolio":"N",
            "unitorShareValues":{  
               "beginValue":35.06,
               "endValue":36.02,
               "percentChange":2.74
            }
         },
         {  
            "fundName":"Sterling Cap Strttn SC Val I",
            "ticker":"STSCX",
            "tickerLink":"https://profile.morningstar.com/Profile/HTMLPage.asp?ClientCode=SI2&ID=STSCX",
            "investmentFundId":"1R",
            "inPortfolio":"Y",
            "unitorShareValues":{  
               "beginValue":83.35,
               "endValue":83.04,
               "percentChange":-0.37
            }
         },
         {  
            "fundName":"Vanguard Explorer Adm",
            "ticker":"VEXRX",
            "tickerLink":"https://profile.morningstar.com/Profile/HTMLPage.asp?ClientCode=SI2&ID=VEXRX",
            "investmentFundId":"1J",
            "inPortfolio":"N",
            "unitorShareValues":{  
               "beginValue":80.4,
               "endValue":84.14,
               "percentChange":4.65
            }
         },
         {  
            "fundName":"Harbor International Inst",
            "ticker":"HAINX",
            "tickerLink":"https://profile.morningstar.com/Profile/HTMLPage.asp?ClientCode=SI2&ID=HAINX",
            "investmentFundId":"19",
            "inPortfolio":"Y",
            "unitorShareValues":{  
               "beginValue":58.41,
               "endValue":61.2,
               "percentChange":4.78
            }
         },
         {  
            "fundName":"MFS International Value R4",
            "ticker":"MINHX",
            "tickerLink":"https://profile.morningstar.com/Profile/HTMLPage.asp?ClientCode=SI2&ID=MINHX",
            "investmentFundId":"2A",
            "inPortfolio":"Y",
            "unitorShareValues":{  
               "beginValue":34.97,
               "endValue":36.57,
               "percentChange":4.58
            }
         },
         {  
            "fundName":"American Funds EuroPacifc R6",
            "ticker":"RERGX",
            "tickerLink":"https://profile.morningstar.com/Profile/HTMLPage.asp?ClientCode=SI2&ID=RERGX",
            "investmentFundId":"27",
            "inPortfolio":"Y",
            "unitorShareValues":{  
               "beginValue":45.04,
               "endValue":47.52,
               "percentChange":5.51
            }
         }
      ]
   }
}