{  
   "distributionTransactions":{  
      "planId":"803333",
      "beginDate":"2017-01-01",
      "endDate":"2017-03-09",
      "distributions":[  
         {  
            "distributionDate":"2017-01-24",
            "name":"Virgillo, James J",
            "ssn":"536-38-2009",
            "distributionType":"Periodic Payment",
            "amount":1200.00
         },
         {  
            "distributionDate":"2017-02-21",
            "name":"Daw, Kevin G",
            "ssn":"541-02-4817",
            "distributionType":"Loan Refinance",
            "amount":9600.00
         }
      ]
   }
}