{  
  "depostiTransactions":{  
     "planId":"803333",
     "beginDate":"2017-01-01",
     "endDate":"2017-03-09",
     "deposits":[  
        {  
           "depositDate":"2017-01-03",
           "payrollDate":"2016-12-30",
           "depositTotal":783.81,
           "employeeSum":0.00,
           "employerSum":783.81,
           "loanPayment":0.00,
           "rollOverSum":191910.17
        },
        {  
           "depositDate":"2017-01-17",
           "payrollDate":"2016-01-06",
           "depositTotal":4034.06,
           "employeeSum":0.00,
           "employerSum":2764.22,
           "loanPayment":1269.84,
           "rollOverSum":0.00
        }
     ]
  }
}