{
    "projectSnapShot":[
    {"projectId":"1006702","projectName":"L-K-17_FY17 ISS","projectNumber":"842288","projectStatus":"Active","projectLastUpdDt":null,"cecId":"DTAKAMIN","endCustomerName":"KDDI CORPORATION","projectType":null},
    {"projectId":"1622720","projectName":"L-K-17_OT_IA_HIENG NSW_Cat6800","projectNumber":"863960","projectStatus":"Active","projectLastUpdDt":null,"cecId":"DTAKAMIN","endCustomerName":"KDDI CORPORATION","projectType":null},
    {"projectId":"1526842","projectName":"L-K-16_[AS-T] Impact Analysis","projectNumber":"856372","projectStatus":"Active","projectLastUpdDt":null,"cecId":"DTAKAMIN","endCustomerName":"KDDI CORPORATION","projectType":null},
    {"projectId":"381505","projectName":"L-K-16_FY16 ISS","projectNumber":"808438","projectStatus":"Active","projectLastUpdDt":null,"cecId":"DTAKAMIN","endCustomerName":"KDDI CORPORATION","projectType":null},
    {"projectId":"1013703","projectName":"Mobile ISS_Direct Support for","projectNumber":"843130","projectStatus":"Active","projectLastUpdDt":null,"cecId":"DTAKAMIN","endCustomerName":"KDDI CORPORATION","projectType":null},
    {"projectId":"1539717","projectName":"GNOC_IPVPN_PE/RR_IA_redo","projectNumber":"857759","projectStatus":"Active","projectLastUpdDt":null,"cecId":"DTAKAMIN","endCustomerName":"KDDI CORPORATION","projectType":null},
    {"projectId":"1642712","projectName":" L-K-17_FY17 Platform_ACI Day2","projectNumber":"866496","projectStatus":"Active","projectLastUpdDt":null,"cecId":"DTAKAMIN","endCustomerName":"KDDI CORPORATION","projectType":null},
    {"projectId":"1584763","projectName":"[AS-T] ACS - NCS6k Contingency","projectNumber":"861378","projectStatus":"Active","projectLastUpdDt":null,"cecId":"DTAKAMIN","endCustomerName":"KDDI CORPORATION","projectType":null},
    {"projectId":"1561740","projectName":"L-K-17_FY17 Mobile_IPNW (RS,NS","projectNumber":"859225","projectStatus":"Active","projectLastUpdDt":null,"cecId":"DTAKAMIN","endCustomerName":"KDDI CORPORATION","projectType":null},
    {"projectId":"797413","projectName":"ADMIN-Public Sector-msolomit","projectNumber":"797413","projectStatus":"Active","projectLastUpdDt":null,"cecId":null,"endCustomerName":"UNKNOWN","projectType":"ADMIN"},
    {"projectId":"768460","projectName":"ADMIN-Global AS-brpalma","projectNumber":"768460","projectStatus":"Active","projectLastUpdDt":null,"cecId":null,"endCustomerName":"UNKNOWN","projectType":"ADMIN"},
    {"projectId":"768455","projectName":"ADMIN-Sports & Ent-nreinhar","projectNumber":"768455","projectStatus":"Active","projectLastUpdDt":null,"cecId":null,"endCustomerName":"UNKNOWN","projectType":"ADMIN"},{"projectId":"768458","projectName":"ADMIN-AS IT","projectNumber":"768458","projectStatus":"Active","projectLastUpdDt":null,"cecId":null,"endCustomerName":"UNKNOWN","projectType":"ADMIN"},{"projectId":"768462","projectName":"ADMIN-PSCT-stevyoun","projectNumber":"768462","projectStatus":"Active","projectLastUpdDt":null,"cecId":null,"endCustomerName":"UNKNOWN","projectType":"ADMIN"},{"projectId":"769734","projectName":"ADMIN-SPVSS-ykanouff","projectNumber":"769734","projectStatus":"Active","projectLastUpdDt":null,"cecId":null,"endCustomerName":"UNKNOWN","projectType":"ADMIN"},{"projectId":"768286","projectName":"ADMIN-AMER ENT-cabrace","projectNumber":"768286","projectStatus":"Active","projectLastUpdDt":null,"cecId":null,"endCustomerName":"UNKNOWN","projectType":"ADMIN"},{"projectId":"821635","projectName":"ADMIN-EMEAR ENT-ademarsi","projectNumber":"821635","projectStatus":"Active","projectLastUpdDt":null,"cecId":null,"endCustomerName":"UNKNOWN","projectType":"ADMIN"},{"projectId":"768461","projectName":"ADMIN-Cloud Services- rihamilt","projectNumber":"768461","projectStatus":"Active","projectLastUpdDt":null,"cecId":null,"endCustomerName":"UNKNOWN","projectType":"ADMIN"},{"projectId":"773221","projectName":"ADMIN-Security-jammoble","projectNumber":"773221","projectStatus":"Active","projectLastUpdDt":null,"cecId":null,"endCustomerName":"UNKNOWN","projectType":"ADMIN"},{"projectId":"768288","projectName":"ADMIN-GSP-cneike","projectNumber":"768288","projectStatus":"Active","projectLastUpdDt":null,"cecId":null,"endCustomerName":"UNKNOWN","projectType":"ADMIN"},{"projectId":"768289","projectName":"ADMIN-APJC ENT-darrthom","projectNumber":"768289","projectStatus":"Active","projectLastUpdDt":null,"cecId":null,"endCustomerName":"UNKNOWN","projectType":"ADMIN"},{"projectId":"768380","projectName":"ADMIN-GET-dneault","projectNumber":"768380","projectStatus":"Active","projectLastUpdDt":null,"cecId":null,"endCustomerName":"UNKNOWN","projectType":"ADMIN"},{"projectId":"768381","projectName":"ADMIN-CCS-mmcphee","projectNumber":"768381","projectStatus":"Active","projectLastUpdDt":null,"cecId":null,"endCustomerName":"UNKNOWN","projectType":"ADMIN"}
    ]
}