[  
   {  
      "name":"1006702",
      "createdTime":"1538965757302",
      "status":"Active",
      "jobStatus":"Active",
      "catalogName": "ACI Health Check",
      "members":"DTAKAMIN",
      "pid":"KDDI CORPORATION",
      "description":null
   },
   {  
      "name":"1006702",
      "createdTime":"1538965757302",
      "status":"Active",
      "jobStatus":"Active",
      "catalogName": "ACI Health Check",
      "members":"DTAKAMIN",
      "pid":"KDDI CORPORATION",
      "description":null
   }
]