[
    {  
        "service":"Reporting",
        "startTime":"1538965757302",
        "endTime":"1538965757302",
        "status":"Inprogress",
        "uistatus": "info",
        "remark": "Lorem ipsum dolor sit amet, consectetur adipiscing elit. Suspendisse pulvinar accumsan leo, quis egestas quam luctus non. Donec tortor risus, finibus non porta ut, fringilla sed neque. Morbi scelerisque sem magna, nec scelerisque nisl egestas nec."
    },
    {  
        "service":"Extractor",
        "startTime":"1538965757302",
        "endTime":"1538965757302",
        "status":"Extraction Completed",
        "uistatus": "success",
        "remark": "Lorem ipsum dolor sit amet, consectetur adipiscing elit. Suspendisse pulvinar accumsan leo, quis egestas quam luctus non. Donec tortor risus, finibus non porta ut, fringilla sed neque. Morbi scelerisque sem magna, nec scelerisque nisl egestas nec."
    },
    {  
        "service":"Parser",
        "startTime":"1538965757302",
        "endTime":"1538965757302",
        "status":"Parsing Completed",
        "uistatus": "success",
        "remark": "Lorem ipsum dolor sit amet, consectetur adipiscing elit. Suspendisse pulvinar accumsan leo, quis egestas quam luctus non. Donec tortor risus, finibus non porta ut, fringilla sed neque. Morbi scelerisque sem magna, nec scelerisque nisl egestas nec."
    },
    {  
        "service":"Collector",
        "startTime":"1538965757302",
        "endTime":"1538965757302",
        "status":"Collection Completed",
        "uistatus": "success",
        "remark": "Lorem ipsum dolor sit amet, consectetur adipiscing elit. Suspendisse pulvinar accumsan leo, quis egestas quam luctus non. Donec tortor risus, finibus non porta ut, fringilla sed neque. Morbi scelerisque sem magna, nec scelerisque nisl egestas nec."
    },
    {  
        "service":"Analysis",
        "startTime":"1538965757302",
        "endTime":"1538965757302",
        "status":"Analysis Completed",
        "uistatus": "success",
        "remark": "Lorem ipsum dolor sit amet, consectetur adipiscing elit. Suspendisse pulvinar accumsan leo, quis egestas quam luctus non. Donec tortor risus, finibus non porta ut, fringilla sed neque. Morbi scelerisque sem magna, nec scelerisque nisl egestas nec."
    },
    {  
        "service":"Project Creation",
        "startTime":"1538965757302",
        "endTime":"1538965757302",
        "status":"Completed",
        "uistatus": "success",
        "remark": "Lorem ipsum dolor sit amet, consectetur adipiscing elit. Suspendisse pulvinar accumsan leo, quis egestas quam luctus non. Donec tortor risus, finibus non porta ut, fringilla sed neque. Morbi scelerisque sem magna, nec scelerisque nisl egestas nec."
    }
]