[
    {
      "collector": "npm6",
      "cpyKey": 176691,
      "cpyName": "CISCO SSO INTERNAL - NP TEST US1 MULTI",
      "collectorStatus": "Cisco Testing",
      "isPrimaryCollector": "Y  ",
      "theater": "AMERICAS",
      "lineOfBusiness": "Enterprise",
      "serviceType": "Subscription",
      "applianceId": "CSP0009028294",
      "collectorType": "CSPC",
      "collectorVersion": "2.7.1",
      "rulePackageVersion": "RP4.3",
      "expectedUploadInterval": 8,
      "collectorVulnerability": "null",
      "collectorPotVulnerability": "null",
      "lastUploadComplete": "2017-09-13T17:49:27",
      "lastSyslogLoadComplete": "null",
      "lastHealthUploadComplete": "2017-09-13T14:55:43",
      "lastInventoryLoadComplete": "2017-09-13T17:59:16"
    },
    {
      "collector": "npm8",
      "cpyKey": 176691,
      "cpyName": "CISCO SSO INTERNAL - NP TEST US1 MULTI",
      "collectorStatus": "Cisco Testing",
      "isPrimaryCollector": "Y  ",
      "theater": "AMERICAS",
      "lineOfBusiness": "Enterprise",
      "serviceType": "Subscription",
      "applianceId": "CSP0009028722",
      "collectorType": "CSPC",
      "collectorVersion": "2.7.2",
      "rulePackageVersion": "RP4.4",
      "expectedUploadInterval": 8,
      "collectorVulnerability": "null",
      "collectorPotVulnerability": "null",
      "lastUploadComplete": "2017-09-11T00:46:43",
      "lastSyslogLoadComplete": "null",
      "lastHealthUploadComplete": "2017-05-02T00:06:54",
      "lastInventoryLoadComplete": "2017-09-11T01:00:00"
    },
    {
      "collector": "npm1",
      "cpyKey": 176691,
      "cpyName": "CISCO SSO INTERNAL - NP TEST US1 MULTI",
      "collectorStatus": "Cisco Testing",
      "isPrimaryCollector": "Y  ",
      "theater": "AMERICAS",
      "lineOfBusiness": "Enterprise",
      "serviceType": "Subscription",
      "applianceId": "CSP0009028070",
      "collectorType": "CSPC",
      "collectorVersion": "2.7.1",
      "rulePackageVersion": "RP4.3",
      "expectedUploadInterval": 8,
      "collectorVulnerability": "null",
      "collectorPotVulnerability": "null",
      "lastUploadComplete": "2017-08-31T06:40:49",
      "lastSyslogLoadComplete": "null",
      "lastHealthUploadComplete": "null",
      "lastInventoryLoadComplete": "2017-08-31T07:15:07"
    },
    {
      "collector": "npm5",
      "cpyKey": 176691,
      "cpyName": "CISCO SSO INTERNAL - NP TEST US1 MULTI",
      "collectorStatus": "Cisco Testing",
      "isPrimaryCollector": "Y  ",
      "theater": "AMERICAS",
      "lineOfBusiness": "Enterprise",
      "serviceType": "Subscription",
      "applianceId": "CSP0009028293",
      "collectorType": "UNKNOWN",
      "collectorVersion": "Unknown",
      "rulePackageVersion": "Unknown",
      "expectedUploadInterval": 8,
      "collectorVulnerability": "null",
      "collectorPotVulnerability": "null",
      "lastUploadComplete": "null",
      "lastSyslogLoadComplete": "null",
      "lastHealthUploadComplete": "null",
      "lastInventoryLoadComplete": "null"
    },
    {
      "collector": "npm7",
      "cpyKey": 176691,
      "cpyName": "CISCO SSO INTERNAL - NP TEST US1 MULTI",
      "collectorStatus": "Cisco Testing",
      "isPrimaryCollector": "Y  ",
      "theater": "AMERICAS",
      "lineOfBusiness": "Enterprise",
      "serviceType": "Subscription",
      "applianceId": "CSP0009028721",
      "collectorType": "CSPC",
      "collectorVersion": "2.5",
      "rulePackageVersion": "RP4.3",
      "expectedUploadInterval": 8,
      "collectorVulnerability": "null",
      "collectorPotVulnerability": "null",
      "lastUploadComplete": "2017-06-01T09:21:39",
      "lastSyslogLoadComplete": "null",
      "lastHealthUploadComplete": "2017-05-31T23:09:36",
      "lastInventoryLoadComplete": "2017-06-01T09:33:28"
    },
    {
      "collector": "npm9",
      "cpyKey": 176691,
      "cpyName": "CISCO SSO INTERNAL - NP TEST US1 MULTI",
      "collectorStatus": "Cisco Testing",
      "isPrimaryCollector": "Y  ",
      "theater": "AMERICAS",
      "lineOfBusiness": "Enterprise",
      "serviceType": "Subscription",
      "applianceId": "CSP0009030608",
      "collectorType": "UNKNOWN",
      "collectorVersion": "Unknown",
      "rulePackageVersion": "Unknown",
      "expectedUploadInterval": 8,
      "collectorVulnerability": "null",
      "collectorPotVulnerability": "null",
      "lastUploadComplete": "null",
      "lastSyslogLoadComplete": "null",
      "lastHealthUploadComplete": "null",
      "lastInventoryLoadComplete": "null"
    },
    {
      "collector": "npm4",
      "cpyKey": 176691,
      "cpyName": "CISCO SSO INTERNAL - NP TEST US1 MULTI",
      "collectorStatus": "Cisco Testing",
      "isPrimaryCollector": "N  ",
      "theater": "AMERICAS",
      "lineOfBusiness": "Enterprise",
      "serviceType": "Subscription",
      "applianceId": "CSP0009028073",
      "collectorType": "CSPC",
      "collectorVersion": "1.0",
      "rulePackageVersion": "RP4.2",
      "expectedUploadInterval": 8,
      "collectorVulnerability": "null",
      "collectorPotVulnerability": "null",
      "lastUploadComplete": "2017-09-04T16:03:09",
      "lastSyslogLoadComplete": "null",
      "lastHealthUploadComplete": "2017-09-13T13:07:34",
      "lastInventoryLoadComplete": "2017-02-03T22:32:24"
    },
    {
      "collector": "npm2",
      "cpyKey": 176691,
      "cpyName": "CISCO SSO INTERNAL - NP TEST US1 MULTI",
      "collectorStatus": "Cisco Testing",
      "isPrimaryCollector": "N  ",
      "theater": "AMERICAS",
      "lineOfBusiness": "Enterprise",
      "serviceType": "Subscription",
      "applianceId": "CSP0009028071",
      "collectorType": "CSPC",
      "collectorVersion": "2.7.1",
      "rulePackageVersion": "RP4.3",
      "expectedUploadInterval": 8,
      "collectorVulnerability": "null",
      "collectorPotVulnerability": "null",
      "lastUploadComplete": "2017-09-04T23:08:42",
      "lastSyslogLoadComplete": "2015-08-30T00:17:00",
      "lastHealthUploadComplete": "2017-09-04T20:05:13",
      "lastInventoryLoadComplete": "2017-09-04T23:22:36"
    },
    {
      "collector": "npm3",
      "cpyKey": 176691,
      "cpyName": "CISCO SSO INTERNAL - NP TEST US1 MULTI",
      "collectorStatus": "Cisco Testing",
      "isPrimaryCollector": "N  ",
      "theater": "AMERICAS",
      "lineOfBusiness": "Enterprise",
      "serviceType": "Subscription",
      "applianceId": "CSP0009028072",
      "collectorType": "CSPC",
      "collectorVersion": "2.7",
      "rulePackageVersion": "RP4.2",
      "expectedUploadInterval": 8,
      "collectorVulnerability": "null",
      "collectorPotVulnerability": "null",
      "lastUploadComplete": "2017-04-04T00:36:40",
      "lastSyslogLoadComplete": "2017-04-04T00:37:32",
      "lastHealthUploadComplete": "2017-04-03T09:42:41",
      "lastInventoryLoadComplete": "2017-04-04T00:51:39"
    }
  ]