[
    {
        "ICId": "1",
        "ICTitle": "Netflow Feature",
        "assessmentType": "Nexus Health Check",
        "ICDescription": "IP",
        "OsType": "IOS",       
        "productFamily": "test",
        "ICCategory": "Private",        
        "createdOn": "2018-02-20 10:55",
        "lastUpdatedOn": "2018-02-25 10:55"
    },
    {
        "ICId": "2",
        "ICTitle": "Flow Exporter",
        "assessmentType": "Nexus Health Check",
        "ICDescription": "IP",
        "OsType": "IOS",        
        "productFamily": "test",
        "ICCategory": "Public",        
        "createdOn": "2018-02-20 10:55",
        "lastUpdatedOn": "2018-02-25 10:55"
    },
    {
        "ICId": "3",
        "ICTitle": "Netflow Feature",
        "assessmentType": "Nexus Health Check",
        "ICDescription": "IP",
        "OsType": "IOS",        
        "productFamily": "test",
        "ICCategory": "Private",        
        "createdOn": "2018-02-20 10:55",
        "lastUpdatedOn": "2018-02-25 10:55"
    },
    {
        "ICId": "4",
        "ICTitle": "Flow Exporter",
        "assessmentType": "Nexus Health Check",
        "ICDescription": "IP",
        "OsType": "IOS",        
        "productFamily": "test",
        "ICCategory": "Public",        
        "createdOn": "2018-02-20 10:55",
        "lastUpdatedOn": "2018-02-25 10:55"
    },
    {
        "ICId": "5",
        "ICTitle": "Netflow Feature",
        "assessmentType": "Nexus Health Check",
        "ICDescription": "IP",
        "OsType": "IOS",        
        "productFamily": "test",
        "ICCategory": "Private",        
        "createdOn": "2018-02-20 10:55",
        "lastUpdatedOn": "2018-02-25 10:55"
    },
    {
        "ICId": "6",
        "ICTitle": "Flow Exporter",
        "assessmentType": "Nexus Health Check",
        "ICDescription": "IP",
        "OsType": "IOS",        
        "productFamily": "test",
        "ICCategory": "Public",        
        "createdOn": "2018-02-20 10:55",
        "lastUpdatedOn": "2018-02-25 10:55"
    },
    {
        "ICId": "7",
        "ICTitle": "Netflow Feature",
        "assessmentType": "Nexus Health Check",
        "ICDescription": "IP",
        "OsType": "IOS",        
        "productFamily": "test",
        "ICCategory": "Private",        
        "createdOn": "2018-02-20 10:55",
        "lastUpdatedOn": "2018-02-25 10:55"
    },
    {
        "ICId": "8",
        "ICTitle": "Flow Exporter",
        "assessmentType": "Nexus Health Check",
        "ICDescription": "IP",
        "OsType": "IOS",        
        "productFamily": "test",
        "ICCategory": "Public",        
        "createdOn": "2018-02-20 10:55",
        "lastUpdatedOn": "2018-02-25 10:55"
    },
    {
        "ICId": "9",
        "ICTitle": "Netflow Feature",
        "assessmentType": "Nexus Health Check",
        "ICDescription": "IP",
        "OsType": "IOS",        
        "productFamily": "test",
        "ICCategory": "Private",        
        "createdOn": "2018-02-20 10:55",
        "lastUpdatedOn": "2018-02-25 10:55"
    },
    {
        "ICId": "10",
        "ICTitle": "Flow Exporter",
        "assessmentType": "Nexus Health Check",
        "ICDescription": "IP",
        "OsType": "IOS",        
        "productFamily": "test",
        "ICCategory": "Public",        
        "createdOn": "2018-02-20 10:55",
        "lastUpdatedOn": "2018-02-25 10:55"
    },
    {
        "ICId": "11",
        "ICTitle": "Netflow Feature",
        "assessmentType": "Nexus Health Check",
        "ICDescription": "IP",
        "OsType": "IOS",        
        "productFamily": "test",
        "ICCategory": "Private",        
        "createdOn": "2018-02-20 10:55",
        "lastUpdatedOn": "2018-02-25 10:55"
    },
    {
        "ICId": "12",
        "ICTitle": "Flow Exporter",
        "assessmentType": "Nexus Health Check",
        "ICDescription": "IP",
        "OsType": "IOS",        
        "productFamily": "test",
        "ICCategory": "Public",        
        "createdOn": "2018-02-20 10:55",
        "lastUpdatedOn": "2018-02-25 10:55"
    }
]