[
	{
		"nmsArea": [
			"Fault",
			"Capacity",
			"Audit",
			"Configuration",
			"Performance",
			"Security"
		],
		"osType": [
			"NX-OS",
			"SAN-OS",
			"IOS",
			"IOS-XR",
			"IOS-XE",
			"UCS",
			"AireOS"
		],
		"scope": [
			"network",
			"device"
		],
		"productFamily": {
			"NX-OS": [
				"Cisco Nexus 7000 Series Switches",
				"Cisco Nexus 5000 Series Switches",
				"Cisco Nexus 1000V Series Switches",
				"Cisco Nexus 4000 Series Switches",
				"Cisco Nexus 3000 Series Switches",
				"Cisco Nexus 6000 Series Switches",
				"Cisco Nexus 9000 Series Switches",
				"Cisco MDS 9500 Series Multilayer Directors",
				"Cisco MDS Blade Switch Series",
				"Cisco MDS 9300 Series Multilayer Fabric Switches",
				"Cisco MDS 9020 Series Fabric Switch",
				"Cisco MDS 9200 Series Multiservice Switches",
				"Cisco MDS 9700 Series Multilayer Directors",
				"Cisco MDS 9100 Series Multilayer Fabric Switches"
			],
			"IOS": [
				"Cisco 2600 Series Multiservice Platforms",
				"Cisco 800 Series Routers"
			],
			"UCS": [
				"Cisco UCS 6100 Series Fabric Interconnects",
				"Cisco UCS 6200 Series Fabric Interconnects"
			],
			"AireOS": [
				"Cisco 5500 Series Wireless Controllers"
			]
		}
	}
]