[
	{
		"show spanning tree summary": [
			"vlan",
			"stp_mode",
			"root_bridge",
			"root_bridge_cont",
			"default_port",
			"portfast_guard",
			"portfast_filter",
			"ba_status",
			"loopguard_default",
			"pathcost_method",
			"peer_switch",
			"ports_blocking",
			"ports_listening",
			"ports_learning",
			"ports_forwarding",
			"ports_active",
			"total_vlans"
		]
	},
	{
		"show vdc": [
			"vdc_id",
			"vdc_name",
			"state",
			"mac",
			"type",
			"lc"
		]
	},
	{
		"show port-channel summary": [
			"BUNDLE_IFACE",
			"BUNDLE_STATUS",
			"BUNDLE_PROTO",
			"BUNDLE_PROTO_STATE",
			"PHYS_IFACE",
			"PHYS_IFACE_STATUS"
		]
	},
	{
		"show hsrp": [
			"interface",
			"hsrp_version",
			"hsrp_id",
			"preempt_delay"
		]
	},
	{
		"show running fabricpath domainid": [
			"switchID",
			"authType",
			"authKey",
			"rootPriority",
			"overloadBit"
		]
	},
	{
		"show interface": [
			"NAME",
			"LINK_STATUS",
			"ADMIN_STATE",
			"HARDWARE",
			"ADDRESS",
			"BIA",
			"DESCRIPTION",
			"IP_ADDRESS",
			"MTU",
			"DUPLEX",
			"SPEED",
			"BANDWIDTH",
			"DELAY",
			"ENCAPSULATION",
			"RELIABILITY",
			"INPUT_FLOW_CTRL",
			"OUTPUT_FLOW_CTRL",
			"RATE_MODE",
			"INPUT_ERROR",
			"OUTPUT_ERROR",
			"TX_LOAD",
			"RX_LOAD"
		]
	},
	{
		"show policy map interface control plane": [
			"class_map",
			"module",
			"action",
			"violated",
			"conf_action",
			"conformed"
		]
	},
	{
		"show switchname": [
			"switch_name"
		]
	},
	{
		"show version": [
			"UPTIME",
			"BOOT_IMAGE",
			"kickstart_version",
			"system_version",
			"hardware",
			"device_name",
			"processor_board_id",
			"last_reset",
			"reset_reason",
			"reset_version",
			"reset_service",
			"mem",
			"hardware_version",
			"n9kSystemVersion"
		]
	},
	{
		"show license usage": [
			"feature",
			"installed",
			"liccount",
			"status",
			"expiry"
		]
	},
	{
		"show running config": [
			"vdcName",
			"vdcId",
			"featureSet",
			"stpCost"
		]
	},
	{
		"show running vpcdomain": [
			"vpcDomain",
			"fabricPathSwitchId",
			"systemPriority"
		]
	},
	{
		"show running ntp": [
			"timezone",
			"summertime",
			"ntp_config"
		]
	},
	{
		"show hsrp anycast summary": [
			"switchId",
			"priority",
			"protocol"
		]
	},
	{
		"show callhome": [
			"callhome_status",
			"contact_name",
			"contact_email",
			"contact_phone",
			"contact_addr",
			"site_id",
			"customer_id",
			"contract_id",
			"priority",
			"throttling",
			"inventory",
			"inventory_time_period",
			"inventory_timeofday",
			"distribution"
		]
	},
	{
		"show interface mgmt0": [
			"mac",
			"ip"
		]
	},
	{
		"show environment": [
			"fan_name",
			"fan_model",
			"fan_hw",
			"fan_status",
			"sensor",
			"temp_mod",
			"majorthresh",
			"minorthres",
			"curtemp",
			"temp_status",
			"ps_num",
			"ps_model",
			"ps_output",
			"ps_capacity",
			"ps_status",
			"psm_num",
			"psm_model",
			"psm_draw",
			"psm_all",
			"psm_status",
			"ps_mode_config",
			"ps_mode_op",
			"ps_cap",
			"ps_input",
			"ps_total_output",
			"ps_allocated",
			"ps_available"
		]
	},
	{
		"show cores": [
			"vdc",
			"module",
			"instance",
			"process_name",
			"pid",
			"date"
		]
	},
	{
		"show clock": [
			"TIME",
			"TIMEZONE",
			"DAYWEEK",
			"MONTH",
			"DAY",
			"YEAR"
		]
	},
	{
		"show spanning tree": [
			"vlan",
			"protocol",
			"root_priority",
			"root_status",
			"root_mac",
			"bridge_priority",
			"bridge_mac",
			"root_hello",
			"root_maxage",
			"root_fwdelay",
			"bridge_hello",
			"bridge_maxage",
			"bridge_fwdelay",
			"interface",
			"role",
			"port_status",
			"port_cost",
			"port_priority",
			"port_type"
		]
	},
	{
		"show running cmp": [
			"cmp_mod",
			"cmp_ip"
		]
	},
	{
		"show system resources": [
			"min_load",
			"minut_load",
			"load",
			"cpu_user",
			"cpu_kernel",
			"cpu_idel",
			"mem_total",
			"mem_used",
			"mem_free",
			"mem_status"
		]
	},
	{
		"show ip interface brief vrf all": [
			"interface",
			"ipAddress",
			"interfaceStatus"
		]
	},
	{
		"show install all status": [
			"module",
			"image",
			"runningVersion",
			"newVersion",
			"updReqd"
		]
	},
	{
		"show feature": [
			"NAME",
			"INSTANCE",
			"STATE"
		]
	},
	{
		"show logging log": [
			"timestamp",
			"timestampsec",
			"hostname",
			"facility",
			"severity",
			"mnemonic",
			"message"
		]
	},
	{
		"show vpc brief": [
			"vpc_keepalive_status",
			"domain_id",
			"peer_status",
			"config_consistency",
			"vlan_consistency",
			"t2_consistency",
			"vpc_role",
			"num_vpc",
			"track_object",
			"peer_gateway",
			"peer_exvlan",
			"dual_exvlan",
			"graceful_cons",
			"auto_recovery"
		]
	},
	{
		"show cdp neighbors detail": [
			"deviceID",
			"system_name",
			"ipv4_address",
			"platform",
			"capabilities",
			"interface",
			"port_id",
			"version",
			"native_vlan",
			"duplex",
			"physical_location"
		]
	},
	{
		"show fex detail": [
			"fex",
			"description",
			"state",
			"fex_version",
			"switch_version",
			"fex_interim_version",
			"switch_interim_version",
			"extender_serial",
			"extender_model",
			"part_no",
			"card_id",
			"mac_addr",
			"num_macs",
			"pinning_mode",
			"max_links",
			"fabric_port",
			"fex_port",
			"fex_state",
			"fex_fabric_port"
		]
	}
]