[
	{
		"value": "Cisco Nexus 7000 Series Switches",
		"name": "Cisco Nexus 7000 Series Switches",
		"os": "NX-OS"
	},
	{
		"value": "Cisco Nexus 5000 Series Switches",
		"name": "Cisco Nexus 5000 Series Switches",
		"os": "NX-OS"
	},
	{
		"value": "Cisco Nexus 1000V Series Switches",
		"name": "Cisco Nexus 1000V Series Switches",
		"os": "NX-OS"
	},
	{
		"value": "Cisco Nexus 4000 Series Switches",
		"name": "Cisco Nexus 4000 Series Switches",
		"os": "NX-OS"
	},
	{
		"value": "Cisco Nexus 3000 Series Switches",
		"name": "Cisco Nexus 3000 Series Switches",
		"os": "NX-OS"
	},
	{
		"value": "Cisco Nexus 6000 Series Switches",
		"name": "Cisco Nexus 6000 Series Switches",
		"os": "NX-OS"
	},
	{
		"value": "Cisco Nexus 9000 Series Switches",
		"name": "Cisco Nexus 9000 Series Switches",
		"os": "NX-OS"
	},
	{
		"value": "Cisco MDS 9500 Series Multilayer Directors",
		"name": "Cisco MDS 9500 Series Multilayer Directors",
		"os": "NX-OS"
	},
	{
		"value": "Cisco MDS Blade Switch Series",
		"name": "Cisco MDS Blade Switch Series",
		"os": "NX-OS"
	},
	{
		"value": "Cisco MDS 9300 Series Multilayer Fabric Switches",
		"name": "Cisco MDS 9300 Series Multilayer Fabric Switches",
		"os": "NX-OS"
	},
	{
		"value": "Cisco MDS 9020 Series Fabric Switch",
		"name": "Cisco MDS 9020 Series Fabric Switch",
		"os": "NX-OS"
	},
	{
		"value": "Cisco MDS 9200 Series Multiservice Switches",
		"name": "Cisco MDS 9200 Series Multiservice Switches",
		"os": "NX-OS"
	},
	{
		"value": "Cisco MDS 9700 Series Multilayer Directors",
		"name": "Cisco MDS 9700 Series Multilayer Directors",
		"os": "NX-OS"
	},
	{
		"value": "Cisco MDS 9100 Series Multilayer Fabric Switches",
		"name": "Cisco MDS 9100 Series Multilayer Fabric Switches",
		"os": "NX-OS"
	}
]