{
	"reportsection":[
		{
			"name": "Introduction",
			"sectionid": "1",
			"reporttable": [
			  {
				"id": "1",
				"tablename": "Lorem ipsum dolor sit amet, consectetur adipiscing elit.",
				"datasource": "Curabitur sed porta quam."
			  },
			  {
				"id": "2",
				"tablename": "Duis at justo eget sapien bibendum faucibus.",
				"datasource": "Praesent fermentum venenatis aliquet."
			  }
			]
		},
		{
			"name": "Executive Summary",
			"sectionid": "2",
			"reporttable": [
			  {
				"id": "3",
				"tablename": "Lorem ipsum dolor sit amet, consectetur adipiscing elit.",
				"datasource": "Curabitur sed porta quam."
			  },
			  {
				"id": "4",
				"tablename": "Duis at justo eget sapien bibendum faucibus.",
				"datasource": "Praesent fermentum venenatis aliquet."
			  },
			  {
				"id": "5",
				"tablename": "Duis at justo eget sapien bibendum faucibus.",
				"datasource": "Praesent fermentum venenatis aliquet."
			  }
			]
		},
		{
			"name": "Current Data Center Network Architecture",
			"sectionid": "3",
			"reporttable": [
			  {
				"id": "6",
				"tablename": "Lorem ipsum dolor sit amet, consectetur adipiscing elit.",
				"datasource": "Curabitur sed porta quam."
			  },
			  {
				"id": "7",
				"tablename": "Duis at justo eget sapien bibendum faucibus.",
				"datasource": "Praesent fermentum venenatis aliquet."
			  },
			  {
				"id": "8",
				"tablename": "Duis at justo eget sapien bibendum faucibus.",
				"datasource": "Praesent fermentum venenatis aliquet."
			  }
			]
		},
		{
			"name": "Network Detailed Findings",
			"sectionid": "4",
			"reporttable": [
			  {
				"id": "9",
				"tablename": "Lorem ipsum dolor sit amet, consectetur adipiscing elit.",
				"datasource": "Curabitur sed porta quam."
			  },
			  {
				"id": "10",
				"tablename": "Duis at justo eget sapien bibendum faucibus.",
				"datasource": "Praesent fermentum venenatis aliquet."
			  },
			  {
				"id": "11",
				"tablename": "Duis at justo eget sapien bibendum faucibus.",
				"datasource": "Praesent fermentum venenatis aliquet."
			  },
			  {
				"id": "12",
				"tablename": "Duis at justo eget sapien bibendum faucibus.",
				"datasource": "Praesent fermentum venenatis aliquet."
			  },
			  {
				"id": "13",
				"tablename": "Duis at justo eget sapien bibendum faucibus.",
				"datasource": "Praesent fermentum venenatis aliquet."
			  }
			]
		}
	],
	"selectedreportsections": [],
	"selectedreporttables": []
}