{"took":4416,"suggest":{"user-suggest":[{"options":[{"_source":{"payload":"Manikandan R (manikar) - ANALYST.BUSINESS OPERATIONS","name":"Manikandan R","etype":"EMPLOYEE","cecid":"manikar"}},{"_source":{"payload":"Manikandan Dhamotharan (mdhamoth) - Technical Lead","name":"Manikandan Dhamotharan","etype":"VENDOR","cecid":"mdhamoth"}},{"_source":{"payload":"Manikandan Nagalingam (mnagalin) - Engineer - Software","name":"Manikandan Nagalingam","etype":"VENDOR","cecid":"mnagalin"}},{"_source":{"payload":"Manikandan Balan (mabalan) - ENGINEER.SOFTWARE ENGINEERING","name":"Manikandan Balan","etype":"EMPLOYEE","cecid":"mabalan"}},{"_source":{"payload":"Manikandan Venkatesan (manikven) - Services - Maintenance & Facilities","name":"Manikandan Venkatesan","etype":"VENDOR","cecid":"manikven"}},{"_source":{"payload":"Manikandan Panchanathan (mapancha) - ENGINEER.SOFTWARE ENGINEERING","name":"Manikandan Panchanathan","etype":"EMPLOYEE","cecid":"mapancha"}},{"_source":{"payload":"Mari Manikandan (mmanikan) - Technical Lead","name":"Mari Manikandan","etype":"VENDOR","cecid":"mmanikan"}},{"_source":{"payload":"Anbu Manikandan (anmanika) - Engineer - Software","name":"Anbu Manikandan","etype":"VENDOR","cecid":"anmanika"}},{"_source":{"payload":"Manikandan Selvaganesan (mselvaga) - ENGINEER.SOFTWARE ENGINEERING","name":"Manikandan Selvaganesan","etype":"EMPLOYEE","cecid":"mselvaga"}},{"_source":{"payload":"Parameswaran Manikandan Sivaramakrishnan (pamanika) - Program Manager","name":"Parameswaran Manikandan Sivaramakrishnan","etype":"VENDOR","cecid":"pamanika"}},{"_source":{"payload":"Manikandan Lakshminarayanan (maniklak) - Project Manager","name":"Manikandan Lakshminarayanan","etype":"VENDOR","cecid":"maniklak"}},{"_source":{"payload":"Manikandan Muthiah (mamuthia) - SR ENGINEER.IT ENGINEERING-STORAGE","name":"Manikandan Muthiah","etype":"EMPLOYEE","cecid":"mamuthia"}},{"_source":{"payload":"Manikandan Dhandapani (mandhand) - Engineer - Software","name":"Manikandan Dhandapani","etype":"VENDOR","cecid":"mandhand"}},{"_source":{"payload":"Manikandan Unnikrishnan (munikris) - PRODUCT SALES SPECIALIST.SALES","name":"Manikandan Unnikrishnan","etype":"EMPLOYEE","cecid":"munikris"}},{"_source":{"payload":"Manikandan Lakshmanan (manilaks) - Services - Maintenance & Facilities","name":"Manikandan Lakshmanan","etype":"VENDOR","cecid":"manilaks"}},{"_source":{"payload":"Manikandan Saravanan (masarava) - Engineer - Software","name":"Manikandan Saravanan","etype":"VENDOR","cecid":"masarava"}},{"_source":{"payload":"Manikandan Balasubramaniyan (manibala) - Technical Lead","name":"Manikandan Balasubramaniyan","etype":"VENDOR","cecid":"manibala"}},{"_source":{"payload":"Manikandan Ramasamy (manramas) - Technical Lead","name":"Manikandan Ramasamy","etype":"VENDOR","cecid":"manramas"}},{"_source":{"payload":"Manikandan S (manis2) - ENGINEER.CUSTOMER SUPPORT","name":"Manikandan S","etype":"EMPLOYEE","cecid":"manis2"}},{"_source":{"payload":"Manikandan Samarasam (msamaras) - Engineer - Software","name":"Manikandan Samarasam","etype":"VENDOR","cecid":"msamaras"}},{"_source":{"payload":"V.Venkata Manikandan (vvvenkat) - ARCHITECT.SOLUTIONS","name":"V.Venkata Manikandan","etype":"EMPLOYEE","cecid":"vvvenkat"}},{"_source":{"payload":"Shiv Manikandan (shmanika) - Team Lead","name":"Shiv Manikandan","etype":"VENDOR","cecid":"shmanika"}},{"_source":{"payload":"Manikandan Kodanad Ramachandran (mkodanad) - Engineer - Software","name":"Manikandan Kodanad Ramachandran","etype":"VENDOR","cecid":"mkodanad"}},{"_source":{"payload":"Manikandan Thiyagarajakumar (manthiya) - ENGINEER.SOFTWARE ENGINEERING","name":"Manikandan Thiyagarajakumar","etype":"EMPLOYEE","cecid":"manthiya"}},{"_source":{"payload":"Manikandan Raju (mraju2) - Engineer - IT","name":"Manikandan Raju","etype":"VENDOR","cecid":"mraju2"}},{"_source":{"payload":"Manikandan Reddy (manikred) - ENGINEER.NETWORK CONSULTING","name":"Manikandan Reddy","etype":"EMPLOYEE","cecid":"manikred"}},{"_source":{"payload":"Manikandan Ganesan (manikang) - ENGINEER.SOFTWARE ENGINEERING","name":"Manikandan Ganesan","etype":"EMPLOYEE","cecid":"manikang"}},{"_source":{"payload":"Manikandan Ramajayam (maramaja) - ENGINEER.TEST ENGINEERING","name":"Manikandan Ramajayam","etype":"EMPLOYEE","cecid":"maramaja"}},{"_source":{"payload":"Manikandan Kumaraswamy (manikkum) - Engineer - Test/QA","name":"Manikandan Kumaraswamy","etype":"VENDOR","cecid":"manikkum"}},{"_source":{"payload":"Manikandan Kattakkan (manikt) - MANAGER.SOFTWARE DEVELOPMENT ENGINEERING","name":"Manikandan Kattakkan","etype":"EMPLOYEE","cecid":"manikt"}},{"_source":{"payload":"Manikandan Muruganantham (manimuru) - Engineer - Software","name":"Manikandan Muruganantham","etype":"VENDOR","cecid":"manimuru"}},{"_source":{"payload":"Manikandan Alagumani (malaguma) - TECHNICAL LEADER.ENGINEERING","name":"Manikandan Alagumani","etype":"EMPLOYEE","cecid":"malaguma"}},{"_source":{"payload":"Manikandan Muthukrishnan (manmuthu) - Engineer - Test/QA","name":"Manikandan Muthukrishnan","etype":"VENDOR","cecid":"manmuthu"}},{"_source":{"payload":"Manikandan Singaravel (manikasi) - Engineer - Consultant","name":"Manikandan Singaravel","etype":"VENDOR","cecid":"manikasi"}},{"_source":{"payload":"Manikandan Sundaram (mansunda) - Analyst","name":"Manikandan Sundaram","etype":"VENDOR","cecid":"mansunda"}},{"_source":{"payload":"Manikandan Ramachandran (manikanr) - ENGINEER.SOFTWARE ENGINEERING","name":"Manikandan Ramachandran","etype":"EMPLOYEE","cecid":"manikanr"}},{"_source":{"payload":"Manikandan Ramalingam (manikara) - Engineer - IT","name":"Manikandan Ramalingam","etype":"VENDOR","cecid":"manikara"}},{"_source":{"payload":"Saravana Manikandan.T.V (samanika) - ENGINEER.NETWORK CONSULTING","name":"Saravana Manikandan.T.V","etype":"EMPLOYEE","cecid":"samanika"}}]}]}}