{
        "steps":[
            {
                "id": 1,
                "key": "basicDetails",
                "title": "Project Details",
                "visited": "active",
                "component": "BasicComponent",
                "validationMandatory":true
            },
            {
                "id": 2,
                "key": "collectorAndDevices",
                "title": "Data Source",
                "visited": "not-active",
                "component":"CollectorComponent",
                "validationMandatory":true   
            },
            {
                "id": 3,
                "key": "confirm",
                "title": "Confirm",
                "visited": "not-active",
                "component":"ConfirmComponent",              
                "validationMandatory":true
            }
            ],
            "buttons":{
                "showSaveButton":true,
                "showCancelButton":true,
                "cancelURL": "http://localhost:8000/assessment/list",
                "redirectURL": "http://localhost:8000/assessment/list",
                "showBackButton":true,
                "appendStepTitle":true,
                "lastStepButtonName": "Initiate"
            }
}