{
  "$schema": "./node_modules/@angular/cli/lib/config/schema.json",
  "project": {
    "name": "plannet-web"
  },
  "apps": [
    {
      "root": "src",
      "outDir": "dist",
      "assets": [
        "assets",
        {
          "glob": "**/*",
          "input": "../node_modules/sfg-ng-brand-components/assets/",
          "output": "./assets/"
          },
        "favicon.ico",
        ".htaccess"
      ],
      "index": "index.html",
      "main": "main.ts",
      "polyfills": "polyfills.ts",
      "test": "test.ts",
      "tsconfig": "tsconfig.app.json",
      "testTsconfig": "tsconfig.spec.json",
      "prefix": "ppr",
      "styles": [
        "./assets/vendor/bootstrap-datepicker/css/bootstrap-datepicker.min.css",
        "styles.scss"
      ],
      "scripts": [
        "../node_modules/sfg-ng-brand-components/assets/fontawesome-all.min.js",
        "../node_modules/hammerjs/hammer.min.js",
        "../node_modules/jquery/dist/jquery.min.js",
        "./assets/vendor/bootstrap-datepicker/js/bootstrap-datepicker.js"
      ],
      "environmentSource": "environments/environment.ts",
      "environments": {
        "dev": "environments/environment.ts",
        "prod": "environments/environment.prod.ts"
      }
    }
  ],
  "e2e": {
    "protractor": {
      "config": "./protractor.conf.js"
    }
  },
  "lint": [
    {
      "project": "src/tsconfig.app.json",
      "exclude": "**/node_modules/**"
    },
    {
      "project": "src/tsconfig.spec.json",
      "exclude": "**/node_modules/**"
    },
    {
      "project": "e2e/tsconfig.e2e.json",
      "exclude": "**/node_modules/**"
    }
  ],
  "test": {
    "karma": {
      "config": "./karma.conf.js"
    }
  },
  "defaults": {
    "styleExt": "css",
    "component": {}
  }
}
